last_name,first_name,player_id,year,b_total_pa,b_single,b_double,b_triple,b_home_run,b_strikeout,b_walk,slg_percent,on_base_percent,on_base_plus_slg,b_catcher_interf,b_hit_by_pitch,b_out_fly,b_out_ground,b_out_line_drive,b_out_popup,
Pujols,Albert,405395,2021,296,45,3,0,17,45,14,.433,.284,.717,0,5,44,86,19,18,
Cabrera,Miguel,408234,2021,526,90,16,0,15,118,40,.386,.316,.701,0,5,72,131,24,13,
Rivera,Rene,425784,2021,78,11,3,0,2,29,4,.362,.282,.644,0,2,4,19,2,2,
Wainwright,Adam,425794,2021,74,5,2,0,0,25,3,.158,.135,.293,0,0,5,31,2,1,
Molina,Yadier,425877,2021,473,81,19,0,11,79,24,.370,.296,.666,1,5,85,118,27,23,
Suzuki,Kurt,435559,2021,247,35,8,0,6,44,12,.342,.291,.634,0,11,37,60,19,14,
CruzJr.,Nelson,443558,2021,584,82,21,1,32,126,51,.497,.332,.829,4,7,69,129,23,35,
Peralta,David,444482,2021,538,80,30,8,8,92,46,.402,.325,.728,0,3,50,166,29,25,
Pina,Manny,444489,2021,208,15,6,0,13,38,22,.439,.293,.732,0,5,30,48,17,14,
Escobar,Alcides,444876,2021,349,65,21,2,4,56,17,.404,.338,.742,0,9,39,95,27,14,
Longoria,Evan,446334,2021,291,36,17,0,13,68,35,.482,.351,.833,0,1,39,59,13,8,
Morton,Charlie,450203,2021,62,6,1,0,0,31,0,.145,.113,.258,0,0,4,16,2,2,
Lester,Jon,452657,2021,51,5,2,0,1,24,2,.271,.196,.467,0,0,1,13,1,2,
Cabrera,Asdrubal,452678,2021,352,43,21,0,7,80,36,.366,.313,.678,0,3,49,78,15,19,
Scherzer,Max,453286,2021,63,0,0,0,0,28,0,.000,.000,.000,0,0,5,27,3,0,
Blackmon,Charlie,453568,2021,582,97,25,4,13,91,54,.411,.351,.761,0,11,68,158,35,25,
Maldonado,Martin,455117,2021,426,41,10,1,12,127,47,.300,.272,.573,0,5,60,85,21,17,
Chirinos,Robinson,455139,2021,112,11,5,1,5,36,9,.454,.321,.775,0,5,14,16,3,7,
Cain,Lorenzo,456715,2021,286,45,13,0,8,48,26,.401,.329,.729,0,2,38,75,21,10,
Solano,Donovan,456781,2021,344,62,17,0,7,58,25,.404,.343,.747,0,7,57,80,25,6,
McCutchen,Andrew,457705,2021,574,55,24,1,27,132,81,.444,.334,.778,0,4,74,120,30,25,
Upton,Justin,457708,2021,362,38,12,0,17,107,39,.409,.296,.704,1,1,41,70,17,19,
Turner,Justin,457759,2021,612,99,22,0,27,98,61,.471,.361,.832,0,12,111,109,39,30,
PoseyIII,Buster,457763,2021,454,79,23,0,18,87,56,.499,.390,.889,0,1,45,113,19,13,
Votto,Joey,458015,2021,533,59,23,1,36,127,77,.563,.375,.938,0,4,73,92,26,15,
Gardner,Brett,458731,2021,461,56,16,4,10,100,60,.362,.323,.685,0,3,52,103,25,30,
Joyce,Matt,459964,2021,69,2,1,0,2,16,12,.218,.261,.479,0,1,10,17,5,3,
Romine,Andrew,461865,2021,64,8,2,0,1,24,4,.267,.234,.501,0,0,5,15,5,0,
Andrus,Elvis,462101,2021,541,91,25,2,3,81,31,.320,.292,.612,0,6,63,155,52,30,
Sandoval,Pablo,467055,2021,86,9,0,0,4,25,11,.342,.302,.645,0,2,8,14,8,5,
Ramos,Wilson,467092,2021,163,18,5,0,8,36,9,.397,.245,.643,2,0,17,50,11,7,
Santana,Carlos,467793,2021,659,87,15,0,19,102,86,.342,.319,.660,0,3,99,169,38,41,
Parra,Gerardo,467827,2021,107,16,5,0,2,30,6,.351,.290,.640,0,2,18,19,7,1,
Mercer,Jordy,474568,2021,127,21,7,0,2,34,9,.364,.307,.671,0,0,12,26,8,8,
Belt,Brandon,474832,2021,381,44,14,2,29,103,48,.597,.378,.975,0,7,55,49,13,16,
Zimmerman,Ryan,475582,2021,273,32,16,0,14,77,16,.471,.286,.756,0,0,23,68,16,11,
Lowrie,Jed,476704,2021,512,70,28,0,14,108,49,.398,.318,.717,0,2,85,106,29,20,
Avila,Alex,488671,2021,111,6,9,1,1,37,19,.348,.342,.691,0,2,13,20,2,1,
BrantleyJr.,Michael,488726,2021,508,106,29,3,8,53,33,.437,.362,.799,0,5,66,141,48,15,
Castro,Jason,488771,2021,179,20,7,0,8,54,25,.443,.352,.795,0,3,20,29,10,3,
Miley,Wade,489119,2021,59,7,3,0,0,13,3,.241,.220,.461,0,0,4,23,4,2,
Gurriel,Yuli,493329,2021,605,123,31,0,15,68,59,.462,.383,.846,0,4,83,131,45,41,
Rojas,Miguel,500743,2021,539,89,30,3,9,74,37,.392,.321,.713,0,5,76,139,43,34,
Escobar,Eduardo,500871,2021,599,80,26,5,28,124,48,.472,.314,.786,0,1,103,102,37,44,
Adrianza,Ehire,501303,2021,209,29,9,2,5,42,21,.401,.325,.726,0,2,23,46,14,13,
Lagares,Juan,501571,2021,327,45,20,2,6,76,12,.372,.263,.635,0,1,39,90,22,14,
Almonte,Abraham,501659,2021,175,15,12,0,5,38,26,.399,.331,.730,0,0,18,41,12,7,
Davis,Khris,501981,2021,114,12,5,1,3,31,10,.363,.272,.635,0,0,13,29,2,7,
Pham,Tommy,502054,2021,561,68,24,2,15,128,78,.383,.340,.724,0,4,56,136,33,15,
Martinez,J.D.,502110,2021,634,90,42,3,28,150,55,.518,.349,.866,1,3,87,109,42,23,
Reddick,Josh,502210,2021,158,26,11,0,2,31,6,.371,.285,.656,0,0,22,36,12,11,
Freeman,Mike,502273,2021,65,11,0,0,0,20,5,.186,.262,.448,0,1,10,16,2,0,
Dyson,Jarrod,502481,2021,149,19,7,2,0,33,10,.289,.255,.544,0,0,9,51,13,5,
Goldschmidt,Paul,502671,2021,679,108,36,2,31,136,67,.514,.365,.879,0,4,105,120,38,32,
Gonzalez,Marwin,503556,2021,307,36,14,0,5,78,20,.304,.274,.578,0,9,25,85,18,17,
Darvish,Yu,506433,2021,55,3,2,0,0,25,0,.132,.109,.241,0,1,1,20,3,0,
Leon,Sandy,506702,2021,220,28,5,0,4,65,12,.267,.236,.504,0,3,41,44,7,11,
Altuve,Jose,514888,2021,678,103,32,1,31,91,66,.489,.350,.839,0,4,89,158,45,56,
Hernandez,Cesar,514917,2021,637,88,21,2,21,135,59,.386,.308,.694,0,5,81,155,50,17,
Segura,Jean,516416,2021,567,105,27,3,14,78,39,.436,.347,.783,0,9,62,172,30,26,
Castro,Starlin,516770,2021,346,66,20,0,3,62,26,.375,.332,.707,1,0,42,88,23,13,
Marte,Starling,516782,2021,526,103,27,3,12,99,43,.458,.382,.840,0,13,46,140,25,14,
Bumgarner,Madison,518516,2021,52,3,1,0,0,29,9,.128,.269,.397,0,1,3,4,1,1,
Culberson,Charlie,518586,2021,271,38,15,2,5,64,17,.381,.292,.672,0,2,29,68,17,12,
d'Arnaud,Travis,518595,2021,229,25,14,0,7,53,17,.388,.284,.671,0,2,28,65,15,3,
Donaldson,Josh,518626,2021,543,61,26,0,26,114,74,.475,.352,.827,0,4,75,117,21,25,
Freeman,Freddie,518692,2021,695,122,25,2,31,107,85,.503,.393,.896,0,8,98,163,40,13,
Grandal,Yasmani,518735,2021,375,35,9,0,23,82,87,.520,.419,.938,0,3,31,71,14,19,
Heyward,Jason,518792,2021,353,44,15,2,8,68,27,.347,.280,.627,0,3,37,101,23,25,
Kelly,Merrill,518876,2021,58,2,1,0,0,27,4,.085,.121,.206,0,0,1,20,0,3,
LeMahieu,DJ,518934,2021,679,125,24,1,10,94,73,.362,.349,.711,0,4,79,201,51,15,
Moreland,Mitch,519048,2021,252,30,11,1,10,58,18,.415,.286,.701,0,2,37,62,14,9,
Moustakas,Mike,519058,2021,206,20,12,0,6,46,18,.372,.282,.653,0,2,27,39,12,23,
Rizzo,Anthony,519203,2021,576,75,23,3,22,87,52,.440,.344,.783,0,23,85,143,29,32,
Romine,Austin,519222,2021,62,10,2,0,1,22,2,.300,.242,.542,0,0,9,12,2,2,
Sogard,Eric,519299,2021,180,34,6,1,1,30,9,.314,.283,.597,0,0,32,45,13,9,
Stanton,Giancarlo,519317,2021,579,85,19,0,35,157,63,.516,.354,.870,0,3,56,113,19,26,
Vogt,Stephen,519390,2021,238,27,6,1,7,56,26,.333,.282,.615,0,0,44,45,12,13,
Galvis,Freddy,520471,2021,394,56,15,1,14,77,27,.407,.299,.707,1,5,56,92,18,31,
Perez,Salvador,521692,2021,665,97,24,0,48,170,28,.544,.316,.859,0,13,93,132,33,26,
Flores,Wilmer,527038,2021,436,67,16,1,18,56,41,.447,.335,.782,0,3,82,96,31,24,
Garcia,Avisail,541645,2021,515,74,18,0,29,121,38,.490,.330,.820,0,11,55,127,28,12,
Inciarte,Ender,542255,2021,89,13,2,0,2,22,7,.316,.270,.586,0,0,9,25,4,5,
Ozuna,Marcell,542303,2021,208,27,6,0,7,46,19,.356,.288,.645,0,1,34,44,13,10,
Villar,Jonathan,542340,2021,505,75,18,2,18,132,46,.416,.321,.737,0,3,54,120,19,18,
Ortega,Rafael,542364,2021,330,59,14,2,11,70,30,.463,.358,.820,0,2,51,53,18,20,
Santana,Danny,542454,2021,127,13,2,1,5,30,10,.345,.252,.597,0,1,24,28,6,7,
Aguilar,Jesus,542583,2021,510,72,23,0,22,93,46,.459,.325,.784,5,3,88,92,34,30,
Berti,Jon,542932,2021,271,34,10,1,4,61,32,.313,.310,.623,0,3,17,85,17,6,
Crawford,Brandon,543063,2021,549,87,30,3,24,105,56,.522,.373,.895,0,5,72,109,27,30,
Cron,C.J.,543068,2021,547,72,31,1,28,117,60,.530,.375,.905,0,13,74,101,23,27,
DeSclafani,Anthony,543101,2021,62,1,1,0,0,33,4,.059,.097,.156,0,0,1,17,2,3,
Dickerson,Alex,543105,2021,312,41,10,2,13,76,23,.420,.304,.725,0,6,38,66,14,22,
Gomes,Yan,543228,2021,375,58,15,1,14,78,19,.421,.301,.723,0,6,50,84,30,20,
Grossman,Robbie,543257,2021,671,84,23,3,23,155,98,.415,.356,.771,0,8,113,93,39,29,
Harrison,Josh,543281,2021,558,98,33,2,8,75,31,.400,.341,.741,1,18,94,130,45,22,
Hendricks,Kyle,543294,2021,61,5,1,0,0,26,2,.135,.131,.266,0,0,3,22,2,0,
Hicks,Aaron,543305,2021,126,14,3,0,4,30,14,.333,.294,.627,0,2,16,20,11,10,
Higashioka,Kyle,543309,2021,211,15,10,0,10,59,17,.389,.246,.635,0,0,35,36,14,15,
Hosmer,Eric,543333,2021,565,97,28,0,12,99,48,.395,.336,.731,0,5,48,173,31,24,
McCann,James,543510,2021,412,64,12,1,10,115,32,.349,.294,.643,0,2,45,104,16,9,
Miller,Brad,543543,2021,377,43,9,3,20,112,45,.453,.321,.774,0,1,36,71,22,15,
Nola,Austin,543592,2021,194,33,12,0,2,19,14,.376,.340,.716,0,5,28,49,12,20,
Rendon,Anthony,543685,2021,249,33,13,0,6,41,29,.382,.329,.712,0,1,47,45,14,20,
Semien,Marcus,543760,2021,724,87,39,2,45,146,66,.538,.334,.873,0,3,129,118,43,46,
Shaw,Travis,543768,2021,250,24,11,0,9,68,24,.373,.284,.657,0,3,32,44,17,18,
SpringerIII,George,543807,2021,342,37,19,1,22,79,37,.555,.351,.906,1,4,38,58,20,25,
Vazquez,Christian,543877,2021,498,88,23,1,6,84,33,.352,.307,.659,0,2,84,122,27,27,
Wong,Kolten,543939,2021,492,73,32,2,14,83,31,.447,.335,.783,0,13,69,119,33,20,
Gregorius,Didi,544369,2021,408,46,16,2,13,67,25,.370,.270,.639,0,8,63,95,27,43,
Garcia,Leury,544725,2021,474,80,22,4,5,97,41,.376,.329,.705,0,4,46,136,30,8,
Vargas,Ildemaro,545121,2021,83,8,3,1,0,17,6,.221,.217,.438,0,0,8,30,6,4,
Grichuk,Randal,545341,2021,545,75,25,1,22,114,27,.423,.281,.703,0,3,90,120,24,44,
Marisnick,Jake,545350,2021,198,23,7,3,5,65,11,.375,.283,.658,0,7,17,34,13,12,
Stassi,Max,545358,2021,319,43,11,1,13,101,28,.426,.326,.752,0,8,30,65,10,9,
Trout,Mike,545361,2021,146,22,8,1,8,41,27,.624,.466,1.090,0,2,8,20,5,4,
Herrera,Odubel,546318,2021,492,75,27,2,13,77,29,.416,.309,.724,1,6,52,143,41,24,
Alford,Anthony,546990,2021,148,19,6,1,5,58,12,.406,.311,.717,0,3,20,17,6,1,
AlmoraJr.,Albert,546991,2021,54,3,3,0,0,17,2,.173,.148,.321,0,0,4,18,3,4,
Ruiz,Rio,547004,2021,141,14,4,0,3,38,12,.272,.241,.513,0,1,21,38,3,5,
Harper,Bryce,547180,2021,599,73,42,1,35,134,100,.615,.427,1.042,0,5,58,112,22,16,
Perez,Roberto,547379,2021,161,11,3,0,7,56,17,.319,.242,.561,0,1,15,39,9,3,
Abreu,Jose,547989,2021,659,86,30,2,30,143,61,.481,.351,.831,0,22,74,156,29,22,
Diaz,Elias,553869,2021,371,46,18,1,18,60,30,.464,.310,.774,0,2,49,94,26,26,
Narvaez,Omar,553882,2021,445,73,20,0,11,84,41,.402,.342,.743,0,7,73,81,30,22,
Astudillo,Willians,553902,2021,216,34,8,0,7,12,3,.375,.259,.634,0,4,35,68,19,26,
Suarez,Eugenio,553993,2021,574,46,23,0,31,171,56,.428,.286,.713,0,8,82,104,27,26,
Wheeler,Zack,554430,2021,73,9,2,0,0,39,0,.191,.151,.342,0,0,2,19,2,0,
Polanco,Gregory,570256,2021,382,45,12,2,11,104,36,.354,.283,.637,0,2,41,73,23,28,
Gonzalez,Erik,570481,2021,229,41,7,1,2,40,8,.300,.258,.558,0,0,18,87,20,5,
Urshela,Gio,570482,2021,442,78,18,2,14,109,20,.419,.301,.720,0,1,55,109,29,7,
Schoop,Jonathan,570731,2021,674,120,30,1,22,133,37,.435,.320,.755,0,6,65,174,37,47,
Arenado,Nolan,571448,2021,653,80,34,3,34,96,50,.494,.312,.807,0,3,123,127,46,55,
Barnhart,Tucker,571466,2021,388,58,21,0,7,100,29,.368,.317,.685,0,8,55,78,17,13,
Corbin,Patrick,571578,2021,63,7,0,0,0,24,3,.132,.159,.291,0,0,3,24,2,0,
Farmer,Kyle,571657,2021,529,87,22,2,16,97,22,.416,.316,.732,0,18,77,116,36,33,
Goodwin,Brian,571718,2021,271,33,10,1,8,58,33,.374,.317,.692,0,1,42,51,21,13,
Hamilton,Billy,571740,2021,135,15,8,3,2,47,4,.378,.237,.615,0,0,16,22,8,10,
Haniger,Mitch,571745,2021,691,93,23,2,39,169,54,.485,.318,.804,0,9,83,149,31,36,
Hernandez,Enrique,571771,2021,585,69,35,3,20,110,61,.449,.337,.786,0,9,105,103,32,36,
Holt,Brock,571788,2021,260,33,13,1,2,49,23,.298,.281,.579,0,1,33,76,18,11,
Lamb,Jake,571875,2021,170,17,4,0,7,51,22,.368,.306,.674,0,2,17,31,8,11,
Muncy,Max,571970,2021,592,60,26,2,36,120,83,.527,.368,.895,0,11,81,126,26,20,
Myers,Wil,571976,2021,500,70,24,2,17,141,54,.434,.334,.768,0,0,58,101,14,19,
Naquin,Tyler,571980,2021,454,66,24,2,19,106,35,.477,.333,.809,0,5,51,106,23,17,
Owings,Chris,572008,2021,50,6,4,3,1,15,7,.628,.420,1.048,0,0,5,8,0,1,
Piscotty,Stephen,572039,2021,188,25,8,0,5,48,13,.353,.282,.635,0,2,27,40,7,13,
Pollock,AJ,572041,2021,422,65,27,1,21,80,30,.536,.355,.892,0,6,59,86,30,17,
Seager,Kyle,572122,2021,670,63,29,1,35,161,59,.438,.285,.723,0,4,119,117,39,40,
Taylor,MichaelA.,572191,2021,528,89,16,1,12,144,33,.356,.295,.652,0,5,75,113,26,13,
VoitIII,Luke,572228,2021,241,32,7,1,11,74,21,.437,.328,.764,0,7,28,48,6,6,
Walker,Christian,572233,2021,445,64,23,1,10,106,38,.382,.315,.696,0,4,64,85,26,24,
Zunino,Mike,572287,2021,375,26,11,2,33,132,34,.559,.301,.860,0,7,33,53,10,32,
Carpenter,Matt,572761,2021,249,20,11,1,3,77,35,.275,.305,.581,0,6,47,32,11,5,
Dickerson,Corey,572816,2021,365,62,18,5,6,68,25,.408,.326,.734,0,3,41,96,21,20,
Garneau,Dustin,572863,2021,68,2,5,0,6,18,3,.581,.250,.831,0,1,7,16,3,6,
Ruf,Darin,573131,2021,312,40,13,2,16,87,46,.519,.385,.904,0,3,23,60,16,6,
Stroman,Marcus,573186,2021,58,3,2,0,0,24,4,.137,.155,.292,0,0,2,18,3,2,
Yastrzemski,Mike,573262,2021,532,49,28,3,25,131,51,.457,.310,.767,0,9,85,99,25,27,
Contreras,Willson,575929,2021,483,57,20,0,21,138,52,.438,.340,.778,0,14,46,104,18,13,
Iglesias,Jose,578428,2021,511,93,27,2,9,75,21,.391,.309,.701,0,6,73,134,43,27,
Torreyes,Ronald,591720,2021,344,59,10,1,7,41,19,.346,.282,.628,0,1,53,105,27,20,
Valera,Breyvic,591971,2021,97,15,6,0,1,12,8,.356,.309,.666,0,0,14,22,12,6,
Bryant,Kris,592178,2021,586,77,32,2,25,135,62,.481,.353,.835,0,9,73,113,34,22,
Canha,Mark,592192,2021,625,77,22,4,17,128,77,.387,.358,.746,0,27,73,133,38,28,
Casali,Curt,592200,2021,231,25,11,1,5,66,26,.350,.312,.662,0,4,35,33,8,17,
Castellanos,Nick,592206,2021,585,91,38,1,34,121,41,.576,.362,.939,0,7,79,117,38,15,
DeShields,Delino,592261,2021,58,6,5,0,1,11,9,.426,.362,.788,0,0,11,13,2,0,
Drury,Brandon,592273,2021,88,14,5,0,4,22,3,.476,.307,.783,0,1,7,24,2,6,
Gamel,Ben,592325,2021,400,55,18,3,8,105,51,.388,.345,.733,0,3,57,60,25,13,
Gausman,Kevin,592332,2021,62,10,0,0,0,31,2,.185,.194,.379,0,0,2,16,1,0,
Goodrum,Niko,592348,2021,325,40,11,2,9,107,29,.359,.292,.651,0,4,45,61,12,5,
Gray,Jon,592351,2021,50,5,0,0,0,32,0,.106,.100,.206,0,0,2,8,1,2,
Jones,JaCoby,592444,2021,105,13,2,0,2,42,5,.250,.210,.460,0,0,11,22,6,2,
Judge,Aaron,592450,2021,633,95,24,0,39,158,75,.544,.373,.916,0,3,71,127,29,9,
Machado,Manny,592518,2021,640,96,31,2,28,102,63,.489,.347,.836,0,2,92,136,42,40,
Marmolejos,Jose,592530,2021,122,9,4,0,4,39,15,.311,.262,.574,0,0,17,18,6,10,
Moran,Colin,592567,2021,359,60,12,0,10,87,36,.390,.334,.724,0,2,35,96,12,9,
Pederson,Joc,592626,2021,481,62,19,3,18,117,39,.422,.310,.732,0,8,72,96,22,24,
Ramos,Henry,592656,2021,55,7,2,0,1,12,4,.300,.255,.555,0,0,8,14,4,3,
Realmuto,J.T.,592663,2021,537,79,25,4,17,129,48,.439,.343,.782,0,11,59,114,31,20,
Renfroe,Hunter,592669,2021,572,71,33,0,31,130,44,.501,.315,.816,0,1,68,122,23,45,
Rosario,Eddie,592696,2021,412,62,19,3,14,61,26,.435,.303,.739,0,1,73,103,24,26,
Simmons,Andrelton,592743,2021,451,77,12,0,3,62,32,.274,.282,.556,0,3,49,156,33,24,
Walker,Taijuan,592836,2021,51,5,0,0,0,29,1,.106,.137,.244,0,1,1,13,0,0,
Wilkerson,Stevie,592859,2021,76,9,3,0,0,30,3,.208,.211,.419,0,1,6,20,2,2,
Yelich,Christian,592885,2021,475,69,19,2,9,113,70,.373,.362,.736,0,3,38,111,29,10,
Merrifield,Whit,593160,2021,720,129,42,3,10,103,40,.395,.317,.711,0,4,123,169,62,32,
Bogaerts,Xander,593428,2021,603,98,34,1,23,113,62,.493,.370,.863,0,5,71,131,33,28,
Rivas,Webster,593590,2021,77,11,2,0,2,16,8,.338,.299,.637,0,0,6,26,1,4,
Alberto,Hanser,593643,2021,255,40,20,3,2,26,4,.402,.286,.689,0,4,45,66,21,22,
Polanco,Jorge,593871,2021,644,88,35,2,33,118,45,.503,.323,.826,0,5,115,127,39,34,
Sano,Miguel,593934,2021,532,51,24,0,30,183,59,.466,.312,.778,0,2,54,86,18,24,
Difo,Wilmer,594694,2021,240,45,7,3,4,54,20,.384,.329,.713,0,0,30,48,15,14,
Calhoun,Kole,594777,2021,182,26,8,0,5,41,15,.373,.297,.670,0,0,27,38,9,12,
Duvall,Adam,594807,2021,555,60,17,2,38,174,35,.491,.281,.772,0,4,86,82,18,39,
Eaton,Adam,594809,2021,288,33,10,2,6,71,22,.327,.278,.605,0,7,32,80,18,6,
Gosselin,Phil,594838,2021,373,69,14,0,7,81,24,.362,.314,.676,0,3,55,81,25,14,
Kiermaier,Kevin,595281,2021,390,60,19,7,4,99,33,.388,.328,.716,0,5,32,99,22,9,
Knapp,Andrew,595284,2021,159,17,3,0,2,61,10,.214,.214,.428,0,2,22,30,8,4,
Wallach,Chad,595453,2021,66,9,2,1,0,32,3,.267,.242,.509,0,1,7,10,1,0,
Alfaro,Jorge,595751,2021,311,52,15,1,4,99,11,.342,.283,.625,0,5,23,81,16,4,
Profar,Jurickson,595777,2021,412,57,17,2,4,65,49,.320,.328,.648,1,6,47,101,27,36,
Baez,Javier,595879,2021,547,82,18,2,31,184,28,.494,.318,.812,1,13,43,105,15,25,
Cave,Jake,595909,2021,178,21,6,1,3,62,10,.293,.247,.540,0,3,11,46,11,4,
Evans,Phillip,595943,2021,247,34,5,0,5,53,28,.299,.312,.611,0,5,20,71,16,10,
Gallagher,Cam,595956,2021,124,21,6,0,1,20,8,.330,.290,.621,1,0,14,30,16,7,
Hedges,Austin,595978,2021,312,34,7,0,10,87,15,.308,.215,.522,0,1,46,67,19,26,
Lindor,Francisco,596019,2021,524,65,16,3,20,96,58,.412,.319,.730,0,5,82,124,30,24,
NogowskiJr.,John,596056,2021,143,22,7,0,1,22,12,.310,.301,.611,0,1,31,31,12,4,
Odor,Rougned,596059,2021,361,38,12,0,15,100,27,.379,.285,.664,0,11,51,73,7,26,
Slater,Austin,596103,2021,306,41,12,1,12,84,28,.423,.320,.744,0,4,26,81,15,2,
Story,Trevor,596115,2021,595,69,34,5,24,139,53,.471,.329,.801,0,11,86,111,28,33,
Vogelbach,Daniel,596129,2021,258,30,8,0,9,57,43,.381,.349,.730,0,0,31,61,10,9,
Sanchez,Gary,596142,2021,440,41,13,1,23,121,52,.423,.307,.730,0,5,55,78,19,32,
Kepler,Max,596146,2021,490,46,21,4,19,96,54,.413,.306,.719,0,6,66,104,42,31,
Quinn,Roman,596451,2021,62,5,2,2,0,19,6,.288,.306,.595,0,4,3,13,4,4,
Franco,Maikel,596748,2021,403,46,22,0,11,67,20,.355,.253,.609,0,3,52,126,26,28,
Garcia,Robel,596825,2021,117,12,3,0,1,42,8,.208,.214,.421,0,1,16,26,3,5,
Choi,Ji-Man,596847,2021,305,34,14,0,11,87,45,.411,.348,.758,0,2,26,54,18,14,
BradleyJr.,Jackie,598265,2021,428,40,14,3,6,132,28,.261,.236,.497,0,10,45,111,22,17,
LaStella,Tommy,600303,2021,242,36,11,1,7,26,18,.405,.306,.710,2,1,40,73,18,9,
Severino,Pedro,600474,2021,419,65,18,0,11,109,34,.383,.308,.690,0,1,43,81,22,32,
Nunez,Renato,600524,2021,55,3,3,0,4,16,1,.472,.218,.690,0,1,6,17,1,3,
Candelario,Jeimer,600869,2021,626,90,42,3,16,135,65,.443,.351,.795,0,4,76,135,40,20,
Daza,Yonathan,602074,2021,331,69,12,2,2,60,21,.355,.326,.682,0,2,40,99,20,3,
Urias,Ramon,602104,2021,296,52,14,0,7,76,28,.412,.361,.774,0,6,25,69,10,9,
Rondon,Jose,602922,2021,90,15,3,0,3,17,8,.413,.322,.735,0,0,14,15,6,9,
Ahmed,Nick,605113,2021,473,58,30,3,5,104,34,.339,.279,.618,0,2,62,126,24,24,
Anderson,Brian,605119,2021,264,42,9,0,7,65,26,.378,.337,.715,0,5,30,58,13,9,
Barnes,Austin,605131,2021,225,29,8,0,6,56,20,.345,.298,.643,0,4,34,47,12,9,
Bell,Josh,605137,2021,568,78,24,1,27,101,65,.476,.347,.823,0,2,58,175,26,9,
Betts,Mookie,605141,2021,550,68,29,3,23,86,68,.487,.367,.854,0,11,95,105,26,33,
Caratini,Victor,605170,2021,356,55,9,0,7,82,35,.323,.309,.632,0,4,40,95,16,11,
Davis,J.D.,605204,2021,211,34,12,0,5,68,24,.436,.384,.820,0,6,17,30,8,7,
Garcia,Aramis,605244,2021,94,14,1,0,3,28,1,.318,.234,.552,0,3,11,26,3,4,
Musgrove,Joe,605397,2021,57,5,2,0,0,23,1,.176,.140,.317,0,0,5,15,2,4,
Nola,Aaron,605400,2021,63,5,2,0,0,29,6,.184,.206,.390,0,0,1,18,1,0,
Panik,Joe,605412,2021,257,37,9,0,3,34,17,.284,.265,.548,0,2,31,80,24,19,
Perez,Michael,605421,2021,231,14,8,1,7,68,19,.290,.221,.511,0,2,33,59,11,9,
Woodruff,Brandon,605540,2021,58,6,0,0,0,28,3,.115,.155,.271,0,0,2,14,3,2,
Zimmer,Bradley,605548,2021,348,50,9,1,8,122,30,.344,.325,.669,0,15,30,60,13,9,
Castro,Harold,605612,2021,339,72,13,1,3,72,14,.359,.307,.666,0,1,50,85,24,2,
Arcia,Orlando,606115,2021,89,11,3,0,2,19,7,.309,.258,.567,0,0,11,26,3,6,
Tapia,Raimel,606132,2021,533,99,26,2,6,70,40,.372,.326,.698,0,1,38,216,23,11,
Aquino,Aristides,606157,2021,204,16,6,1,10,75,27,.408,.299,.707,0,1,24,21,7,14,
Hernandez,Teoscar,606192,2021,595,102,29,0,32,148,36,.524,.346,.870,0,7,73,110,36,21,
Mercedes,Yermin,606213,2021,262,48,9,1,7,46,20,.404,.328,.732,0,1,43,58,12,16,
Peraza,Jose,606299,2021,154,16,7,0,6,26,9,.380,.266,.647,0,3,33,30,10,14,
Marte,Ketel,606466,2021,374,64,29,1,14,60,31,.532,.377,.909,0,2,40,88,22,21,
Greiner,Grayson,606988,2021,82,12,4,0,1,31,9,.333,.317,.650,0,0,8,12,3,2,
Haase,Eric,606992,2021,381,46,12,1,22,119,26,.459,.286,.745,0,2,48,71,15,18,
Nimmo,Brandon,607043,2021,386,67,17,3,8,79,54,.437,.399,.836,0,5,34,84,21,14,
Peterson,Jace,607054,2021,302,46,11,1,6,68,38,.367,.348,.714,0,3,44,63,11,10,
Turner,Trea,607208,2021,646,130,34,3,28,110,41,.536,.375,.911,0,6,78,141,43,30,
Smith,Kevan,607345,2021,106,13,3,0,0,31,10,.200,.245,.445,1,0,11,28,7,2,
Beaty,Matt,607461,2021,234,43,4,1,7,44,20,.402,.363,.765,0,10,29,50,12,14,
Blandino,Alex,607468,2021,82,10,4,0,0,28,8,.257,.317,.574,0,4,7,14,1,6,
Pillar,Kevin,607680,2021,347,47,11,2,15,81,11,.415,.277,.692,0,10,56,61,19,32,
Stallings,Jacob,607732,2021,427,63,20,1,8,85,49,.369,.335,.704,0,2,48,101,34,14,
Ramirez,Jose,608070,2021,636,74,32,5,36,87,72,.538,.355,.893,0,7,90,130,40,59,
Bregman,Alex,608324,2021,400,65,17,0,12,53,44,.422,.355,.777,0,4,61,91,28,25,
Fried,Max,608331,2021,67,12,3,0,0,18,4,.327,.284,.611,0,0,3,22,5,0,
Gallo,Joey,608336,2021,616,47,13,1,38,213,111,.458,.351,.808,0,6,58,80,14,35,
Kelly,Carson,608348,2021,359,48,11,1,13,74,44,.411,.343,.754,0,6,59,63,18,21,
Seager,Corey,608369,2021,409,67,22,3,16,66,48,.521,.394,.915,0,5,53,100,17,11,
Winker,Jesse,608385,2021,485,72,32,1,24,75,53,.556,.394,.949,0,9,55,118,26,20,
Marquez,German,608566,2021,60,8,5,0,1,13,0,.415,.233,.648,0,0,4,21,6,2,
Mazara,Nomar,608577,2021,181,25,5,2,3,45,15,.321,.276,.597,0,0,25,45,10,6,
Murphy,Tom,608596,2021,325,37,8,0,11,99,40,.350,.302,.652,3,2,36,54,12,22,
Jankowski,Travis,608671,2021,157,24,6,2,1,29,22,.351,.357,.708,1,1,19,36,12,3,
Mayfield,Jack,608686,2021,290,33,15,0,10,68,17,.387,.269,.656,0,3,39,63,14,27,
Plawecki,Kevin,608700,2021,173,35,7,0,3,26,12,.389,.347,.735,0,3,28,36,11,12,
Refsnyder,Rob,608701,2021,157,25,7,0,2,40,17,.338,.325,.663,0,0,20,32,10,4,
Mondesi,Adalberto,609275,2021,136,14,8,1,6,43,6,.452,.265,.717,0,1,14,28,3,12,
Andujar,Miguel,609280,2021,162,31,2,0,6,28,7,.383,.284,.667,0,0,19,51,11,7,
Vosler,Jason,613564,2021,82,6,4,0,3,21,7,.356,.256,.612,0,1,12,21,0,7,
Cordero,Franchy,614173,2021,136,17,6,0,1,51,8,.260,.235,.495,0,0,11,33,5,4,
Reyes,Franmil,614177,2021,466,56,18,2,30,149,43,.522,.324,.846,0,2,37,94,15,19,
Torrens,Luis,620443,2021,378,51,16,2,15,99,28,.431,.299,.730,0,1,34,102,18,11,
Robertson,Daniel,621002,2021,90,8,2,0,2,28,12,.274,.300,.574,0,3,12,20,2,1,
MartinJr.,Richie,621006,2021,105,20,2,0,1,28,4,.286,.267,.552,0,1,10,28,6,4,
Schrock,Max,621011,2021,134,24,7,2,3,24,8,.448,.328,.776,0,0,25,22,11,8,
Swanson,Dansby,621020,2021,653,84,33,2,27,167,52,.449,.311,.760,0,5,85,130,38,27,
Newman,Kevin,621028,2021,554,87,22,3,5,41,27,.309,.262,.571,0,1,94,173,64,37,
Taylor,Chris,621035,2021,582,80,25,4,20,167,63,.438,.344,.782,0,8,76,89,30,20,
Correa,Carlos,621043,2021,640,94,34,1,26,116,75,.485,.366,.850,0,4,76,142,36,35,
Buehler,Walker,621111,2021,82,5,2,0,0,45,5,.130,.146,.277,0,0,3,21,0,1,
Dahl,David,621311,2021,220,28,11,0,4,59,10,.322,.245,.567,0,1,23,57,14,12,
Phillips,Brett,621433,2021,292,26,9,4,13,113,33,.427,.298,.725,0,2,36,40,8,7,
Taylor,Tyrone,621438,2021,271,36,9,3,12,59,20,.457,.321,.778,0,7,36,57,17,15,
Buxton,Byron,621439,2021,254,30,23,0,19,62,13,.647,.358,1.005,0,6,30,49,12,10,
Brinson,Lewis,621446,2021,290,39,14,0,9,72,13,.376,.262,.638,0,1,29,67,19,27,
Bolt,Skye,621450,2021,60,3,1,0,1,15,1,.158,.100,.258,0,0,11,24,2,2,
Duggar,Steven,621453,2021,297,42,14,5,8,88,27,.437,.330,.767,0,2,41,52,10,7,
Rios,Edwin,621458,2021,60,3,0,0,1,18,7,.137,.217,.354,0,2,12,13,2,2,
Stewart,DJ,621466,2021,318,33,10,0,12,89,44,.374,.324,.698,0,4,41,49,10,26,
Ward,Taylor,621493,2021,237,29,15,0,8,55,20,.438,.329,.767,0,6,35,43,18,7,
Mathisen,Wyatt,621500,2021,51,4,0,0,1,21,5,.190,.255,.445,0,3,3,4,4,6,
Nido,Tomas,621512,2021,161,25,5,1,3,44,5,.327,.261,.588,0,3,20,38,17,0,
Wisdom,Patrick,621550,2021,375,37,13,0,28,153,32,.518,.304,.822,1,4,35,45,12,14,
Wendle,Joey,621563,2021,501,76,31,4,11,113,28,.422,.319,.741,0,10,57,121,38,10,
Olson,Matt,621566,2021,673,79,35,0,39,113,88,.540,.371,.911,0,9,92,150,18,44,
Jones,Taylor,622100,2021,108,14,8,1,2,29,4,.402,.269,.670,0,0,13,25,6,6,
Duffy,Matt,622110,2021,322,66,12,0,5,63,25,.381,.357,.738,0,7,32,79,26,7,
Walton,Donovan,622268,2021,69,8,2,1,2,15,4,.365,.246,.611,0,0,8,21,6,2,
Castillo,Luis,622491,2021,59,6,2,0,0,23,1,.204,.153,.357,0,0,3,21,2,1,
Margot,Manuel,622534,2021,464,76,18,3,10,70,37,.382,.313,.695,0,1,65,123,32,28,
Reyes,Pablo,622569,2021,87,14,5,0,1,15,9,.359,.333,.692,0,0,15,17,4,6,
Senzatela,Antonio,622608,2021,51,2,0,0,0,19,0,.051,.039,.090,0,0,2,23,3,2,
Reyes,Victor,622682,2021,220,35,10,4,5,55,8,.416,.282,.698,0,0,25,56,18,3,
Mateo,Jorge,622761,2021,209,32,11,1,4,55,9,.376,.292,.668,0,4,27,43,10,13,
Velazquez,Andrew,623205,2021,68,9,4,1,1,23,1,.358,.235,.594,0,0,8,15,4,2,
Bote,David,623520,2021,327,38,10,2,8,73,27,.330,.275,.605,0,5,45,84,19,15,
Ramirez,Harold,623912,2021,361,62,21,1,7,56,14,.398,.305,.703,0,5,42,112,20,18,
Santander,Anthony,623993,2021,438,56,24,0,18,101,23,.433,.285,.719,0,4,60,88,27,35,
Alonso,Pete,624413,2021,637,80,27,3,37,127,60,.519,.344,.863,0,12,96,132,29,32,
Arroyo,Christian,624414,2021,181,25,12,0,6,44,8,.445,.320,.766,1,7,17,42,12,6,
Biggio,Cavan,624415,2021,294,38,10,1,7,78,37,.356,.320,.676,1,1,38,55,17,11,
Conforto,Michael,624424,2021,479,60,20,0,14,104,59,.384,.344,.729,0,12,62,112,22,13,
Frazier,Adam,624428,2021,639,130,36,5,5,69,48,.411,.366,.777,0,10,78,156,75,26,
Trevino,Jose,624431,2021,302,49,14,0,5,57,12,.340,.265,.605,0,0,45,85,23,12,
Gordon,Nick,624503,2021,216,34,9,1,4,55,12,.355,.292,.647,0,3,23,51,21,3,
McGuire,Reese,624512,2021,217,34,15,0,1,44,15,.343,.309,.652,0,2,32,50,14,9,
Nunez,Dom,624513,2021,263,18,12,3,10,91,34,.399,.293,.692,0,0,31,38,8,17,
Soler,Jorge,624585,2021,602,61,27,0,27,142,67,.432,.312,.744,8,6,79,124,27,32,
Sosa,Edmundo,624641,2021,326,60,8,4,6,63,17,.389,.344,.732,1,17,37,86,16,10,
Heredia,Guillermo,628338,2021,347,36,26,0,5,81,32,.354,.311,.665,0,9,43,76,22,17,
Hernandez,Yadiel,628450,2021,289,54,8,1,9,59,22,.413,.329,.742,0,1,32,89,12,1,
Ibanez,Andy,628451,2021,272,46,15,2,7,35,15,.435,.320,.755,0,2,50,61,22,17,
Urias,Julio,628711,2021,70,10,2,0,0,22,0,.237,.186,.423,0,1,3,27,2,3,
Cronenworth,Jake,630105,2021,643,90,33,7,21,90,55,.460,.336,.796,5,10,84,165,47,35,
Frazier,Clint,640449,2021,218,20,9,0,5,65,32,.317,.317,.633,0,3,17,41,12,14,
Meadows,Austin,640457,2021,591,62,29,3,27,122,59,.458,.315,.772,0,6,109,94,35,41,
Mercado,Oscar,640458,2021,238,30,11,1,6,42,21,.369,.298,.667,0,2,33,59,11,22,
Pinder,Chad,640461,2021,233,29,16,1,6,62,16,.411,.300,.712,0,2,25,58,12,5,
Anderson,Tim,641313,2021,551,115,29,2,17,119,22,.469,.338,.806,0,1,51,163,25,7,
Bauers,Jake,641343,2021,315,48,7,0,4,78,30,.277,.289,.565,1,2,50,49,23,22,
Bellinger,Cody,641355,2021,350,31,9,2,10,94,31,.302,.240,.542,0,1,61,62,24,25,
Calhoun,Willie,641432,2021,284,46,10,3,6,34,21,.381,.310,.691,0,2,46,67,26,22,
Collins,Zack,641470,2021,231,24,13,0,4,69,34,.338,.329,.667,0,1,32,30,13,11,
Crawford,J.P.,641487,2021,687,123,37,0,9,114,58,.376,.338,.714,0,5,76,177,53,34,
Davis,Jonathan,641505,2021,103,9,1,0,1,26,12,.172,.252,.425,0,3,19,25,6,1,
Dozier,Hunter,641531,2021,543,56,27,6,16,154,43,.394,.285,.680,0,7,70,104,28,31,
Engel,Adam,641553,2021,140,15,9,0,7,31,11,.496,.336,.832,0,5,16,30,7,8,
Fargas,Johneshwy,641561,2021,54,8,3,2,0,15,1,.385,.259,.644,0,0,5,14,3,3,
Fraley,Jake,641584,2021,265,29,7,0,9,71,46,.369,.351,.720,0,2,27,50,17,6,
Garver,Mitch,641598,2021,243,25,15,0,13,71,31,.517,.358,.875,0,3,26,33,10,15,
Guillorme,Luis,641645,2021,156,31,3,0,1,23,23,.311,.372,.682,0,0,21,42,11,1,
Hampson,Garrett,641658,2021,494,68,21,6,11,118,33,.380,.287,.667,0,3,73,100,39,18,
Heim,Jonah,641680,2021,285,29,13,0,10,58,15,.358,.239,.597,0,1,37,76,16,27,
Lewis,Kyle,641786,2021,147,23,4,0,5,37,16,.392,.333,.726,0,1,26,20,9,5,
Locastro,Tim,641796,2021,156,19,4,0,2,33,7,.252,.263,.515,0,9,29,34,10,7,
Mahle,Tyler,641816,2021,66,3,0,0,0,19,4,.055,.106,.161,0,0,4,32,3,1,
ManciniIII,Trey,641820,2021,616,87,33,1,21,143,51,.432,.326,.758,0,8,60,153,38,19,
Martin,Jason,641829,2021,154,21,3,0,6,41,8,.354,.247,.601,0,0,16,39,8,12,
McKinney,Billy,641856,2021,300,28,11,3,9,79,32,.358,.280,.638,0,1,45,59,19,13,
McMahon,Ryan,641857,2021,596,78,32,1,23,147,59,.449,.331,.779,0,4,74,115,43,19,
Neuse,Sheldon,641914,2021,66,7,1,0,3,26,1,.323,.182,.505,0,0,10,13,4,1,
O'Neill,Tyler,641933,2021,537,76,26,2,34,168,38,.560,.352,.912,0,13,59,74,20,24,
Sisco,Chance,642082,2021,83,8,3,0,0,21,7,.189,.241,.430,0,2,11,23,3,5,
Smith,Dominic,642086,2021,493,78,20,0,11,112,32,.363,.304,.667,0,9,78,99,39,14,
Tellez,Rowdy,642133,2021,325,45,14,2,11,65,23,.414,.305,.719,0,4,40,77,23,21,
Valaika,Pat,642162,2021,281,39,8,0,5,76,16,.290,.249,.539,0,2,55,45,18,16,
VanMeter,Josh,642165,2021,310,33,17,2,6,83,33,.354,.297,.651,0,1,55,50,12,16,
Wade,Tyler,642180,2021,145,28,5,1,0,37,16,.323,.352,.675,1,1,7,35,8,6,
White,Eli,642201,2021,220,22,6,1,6,66,18,.308,.259,.567,0,4,29,38,13,17,
Williams,Justin,642211,2021,137,15,0,0,4,46,17,.261,.270,.531,0,1,11,34,8,1,
Wong,Kean,642221,2021,66,7,2,1,0,17,2,.233,.182,.415,0,0,6,20,9,1,
Mejia,Francisco,642336,2021,277,41,15,3,6,49,17,.416,.321,.737,0,7,37,60,16,25,
Sierra,Magneuris,642423,2021,225,41,6,1,0,50,15,.268,.280,.548,0,0,18,57,20,17,
Rosario,Amed,642708,2021,588,113,25,6,11,120,31,.409,.321,.731,0,3,60,162,34,20,
Adames,Willy,642715,2021,555,72,32,1,25,156,57,.481,.337,.818,0,0,85,92,16,17,
Gutierrez,Kelvin,642721,2021,295,49,8,3,3,76,19,.316,.292,.608,0,4,23,84,16,10,
Alcantara,Sergio,642727,2021,255,31,6,3,5,74,30,.327,.302,.629,0,2,27,55,11,11,
Estrada,Thairo,642731,2021,132,22,4,0,7,23,9,.479,.333,.813,0,2,10,35,9,11,
Leyba,Domingo,642736,2021,96,8,1,0,1,23,8,.161,.198,.359,0,1,16,23,9,6,
Wynns,Austin,642851,2021,139,16,4,0,4,31,8,.308,.230,.538,0,0,24,41,5,6,
Benintendi,Andrew,643217,2021,538,90,27,2,17,97,36,.442,.323,.766,0,2,108,114,25,17,
Cooper,Garrett,643265,2021,250,41,10,1,9,68,30,.465,.380,.845,0,4,17,55,10,4,
Craig,Will,643269,2021,65,10,2,0,1,22,5,.300,.277,.577,0,0,4,15,4,1,
Dubon,Mauricio,643289,2021,187,28,9,0,5,41,9,.377,.278,.655,0,1,26,42,13,10,
Jansen,Danny,643376,2021,205,17,13,0,11,44,17,.473,.298,.770,0,3,23,37,19,20,
Kemp,Tony,643393,2021,397,65,16,3,8,51,52,.418,.378,.796,0,6,72,81,25,17,
Kiner-Falefa,Isiah,643396,2021,677,136,25,3,8,90,28,.357,.312,.669,0,11,75,218,60,23,
LongJr.,Shed,643418,2021,121,13,4,1,4,39,9,.360,.256,.617,0,0,7,39,3,2,
McNeil,Jeff,643446,2021,426,70,19,1,7,58,29,.360,.319,.679,0,10,61,113,33,25,
Schwindel,Frank,643524,2021,259,44,20,1,14,41,16,.591,.371,.962,0,1,32,57,15,18,
Tauchman,Mike,643565,2021,191,21,5,0,4,58,23,.283,.283,.566,0,1,19,38,15,7,
Chang,Yu,644374,2021,251,28,14,3,9,69,11,.426,.267,.693,0,2,30,50,13,22,
Alcantara,Sandy,645261,2021,64,1,1,0,0,45,3,.052,.094,.145,0,1,0,13,0,0,
Albies,Ozzie,645277,2021,686,86,40,7,30,128,47,.488,.310,.799,0,3,138,125,43,38,
Robles,Victor,645302,2021,369,40,21,1,2,85,33,.295,.306,.601,0,16,43,80,20,28,
Ford,Mike,645801,2021,72,5,0,0,3,23,11,.283,.278,.561,0,1,13,11,3,2,
Devers,Rafael,646240,2021,664,89,37,1,38,143,62,.538,.352,.890,0,7,75,143,33,34,
Naylor,Josh,647304,2021,250,39,13,0,7,45,14,.399,.300,.699,1,2,25,72,16,16,
Toro,Abraham,647351,2021,375,57,12,0,11,54,31,.373,.315,.688,0,7,81,88,20,14,
Diaz,Aledmys,649557,2021,319,49,19,0,8,62,16,.405,.317,.721,0,9,35,80,18,23,
Urias,Luis,649966,2021,570,73,25,1,23,116,63,.445,.342,.787,3,10,64,118,33,40,
Diaz,Lewin,650331,2021,128,12,4,1,8,33,6,.451,.242,.693,0,0,18,24,7,15,
Arraez,Luis,650333,2021,479,101,17,6,2,48,43,.376,.357,.733,0,2,77,131,46,6,
Jimenez,Eloy,650391,2021,231,33,10,0,10,57,16,.437,.303,.740,0,1,18,63,12,9,
Torres,Gleyber,650402,2021,516,88,22,0,9,104,50,.366,.329,.695,0,1,78,116,26,22,
Castro,Willi,650489,2021,450,61,15,6,9,109,23,.351,.271,.622,0,8,53,118,27,20,
Diaz,Yandy,650490,2021,541,85,20,1,13,85,69,.387,.353,.740,0,3,67,141,34,22,
DeLaCruz,Bryan,650559,2021,219,45,7,2,5,53,18,.427,.356,.783,0,1,21,44,13,10,
Rengifo,Luis,650859,2021,190,28,1,0,6,38,9,.310,.242,.552,0,2,26,61,9,10,
Pozo,Yohel,650968,2021,77,16,4,0,1,10,3,.378,.312,.690,0,0,8,15,11,9,
Adams,Riley,656180,2021,120,11,8,1,2,40,15,.384,.358,.742,0,6,13,19,4,0,
Bradley,Bobby,656252,2021,279,25,10,0,16,99,25,.445,.294,.739,0,6,25,52,12,9,
Chapman,Matt,656305,2021,622,66,15,3,27,202,80,.403,.314,.716,0,4,89,84,18,32,
Chavis,Michael,656308,2021,124,19,7,1,3,42,1,.397,.258,.655,0,1,12,27,7,4,
Diaz,Isan,656371,2021,278,33,9,0,4,73,34,.282,.291,.573,0,1,39,59,19,6,
Ellis,Drew,656403,2021,83,6,2,0,1,27,10,.203,.277,.480,0,4,11,13,4,5,
Hill,Derek,656537,2021,150,27,3,3,3,42,10,.388,.313,.702,0,1,14,28,13,6,
Hilliard,Sam,656541,2021,238,23,7,2,14,87,23,.463,.294,.757,0,1,21,43,6,11,
Hoskins,Rhys,656555,2021,443,40,29,0,27,108,47,.530,.334,.864,0,5,67,66,28,25,
Jackson,Alex,656577,2021,151,11,4,0,3,73,13,.237,.252,.488,0,7,14,13,7,6,
Joe,Connor,656582,2021,211,34,9,0,8,41,26,.469,.379,.848,0,3,25,34,17,12,
Luplow,Jordan,656669,2021,193,14,8,0,11,57,28,.454,.326,.780,0,2,28,27,4,13,
McKinstry,Zach,656716,2021,172,18,9,0,7,50,10,.405,.262,.667,0,1,24,39,9,4,
MullinsII,Cedric,656775,2021,675,103,37,5,30,125,59,.518,.359,.877,1,8,91,134,45,36,
O'Hearn,Ryan,656811,2021,254,38,5,1,9,71,13,.369,.268,.636,0,2,38,53,15,8,
Peters,DJ,656847,2021,240,21,9,1,13,82,12,.422,.242,.663,0,2,28,44,11,16,
Rivera,Emmanuel,656896,2021,98,18,4,0,1,21,8,.333,.316,.650,0,0,10,26,7,3,
Schwarber,Kyle,656941,2021,471,55,19,0,32,127,64,.554,.374,.928,0,6,55,79,18,16,
Smith,Pavin,656976,2021,545,91,27,4,11,106,42,.404,.328,.732,0,4,69,129,37,24,
Thomas,Lane,657041,2021,264,29,15,2,7,63,37,.412,.341,.752,0,0,30,57,12,12,
Tucker,Cole,657061,2021,131,18,4,2,2,33,13,.342,.298,.640,0,0,14,34,6,4,
Verdugo,Alex,657077,2021,604,110,32,2,13,96,51,.426,.351,.777,0,4,70,173,34,19,
White,Evan,657108,2021,104,9,3,0,2,31,6,.237,.202,.439,0,1,13,24,7,8,
Alvarez,Eddy,657193,2021,74,6,4,1,1,18,4,.328,.297,.625,0,6,11,15,6,2,
Webb,Logan,657277,2021,53,2,2,1,1,21,2,.283,.151,.434,0,0,6,15,1,2,
O'Grady,Brian,657434,2021,61,3,3,0,2,17,8,.333,.262,.596,0,0,8,13,2,5,
DeJong,Paul,657557,2021,402,40,10,1,19,103,35,.390,.284,.674,0,9,63,80,24,18,
Laureano,Ramon,657656,2021,378,47,21,2,14,98,27,.443,.317,.760,0,9,48,84,15,12,
Sheets,Gavin,657757,2021,179,21,8,0,11,40,16,.506,.324,.830,0,2,13,47,9,11,
Fuentes,Joshua,658069,2021,284,42,11,1,7,65,12,.351,.257,.608,0,0,53,58,15,19,
Olivares,Edward,658668,2021,111,17,2,0,5,19,5,.406,.288,.694,0,3,15,31,9,5,
Moncada,Yoan,660162,2021,616,89,33,1,14,157,84,.412,.375,.787,0,10,51,119,40,17,
Ohtani,Shohei,660271,2021,639,58,26,8,46,189,96,.592,.372,.965,0,4,74,101,20,16,
Tsutsugo,Yoshi,660294,2021,262,29,12,1,8,72,29,.383,.305,.688,0,1,41,46,10,12,
Arauz,Jonathan,660620,2021,75,6,3,0,3,15,8,.369,.267,.636,0,0,7,20,5,7,
Hernandez,Yonny,660634,2021,166,26,5,0,0,32,17,.252,.313,.565,0,4,14,52,11,4,
AcunaJr.,Ronald,660670,2021,360,40,19,1,24,85,49,.596,.394,.990,0,9,44,51,20,18,
Ruiz,Keibert,660688,2021,96,18,3,0,3,9,6,.409,.333,.742,0,2,15,24,7,9,
Sanchez,Jesus,660821,2021,251,33,8,2,14,78,20,.489,.319,.808,0,3,25,54,9,4,
Park,Hoy,660829,2021,150,15,5,2,3,38,18,.336,.293,.629,1,1,23,32,6,6,
Contreras,William,661388,2021,185,22,4,1,8,54,19,.399,.303,.701,0,2,22,43,7,3,
Varsho,Daulton,662139,2021,315,40,17,2,11,67,30,.437,.317,.754,0,0,43,60,20,25,
Jones,Jahmai,663330,2021,72,7,3,0,0,26,4,.194,.208,.402,0,1,11,9,5,6,
Nootbaar,Lars,663457,2021,124,17,3,1,5,28,13,.422,.315,.737,0,0,15,31,4,6,
Hoerner,Nico,663538,2021,170,35,10,0,0,25,17,.369,.382,.751,0,3,20,41,13,6,
Riley,Austin,663586,2021,662,112,33,1,33,168,52,.531,.367,.898,0,12,70,109,42,29,
Madrigal,Nick,663611,2021,215,45,10,4,2,17,11,.425,.349,.774,0,3,20,81,16,4,
Larnach,Trevor,663616,2021,301,39,12,0,7,104,31,.350,.322,.672,0,8,28,56,10,6,
Mountcastle,Ryan,663624,2021,586,79,23,1,33,161,41,.487,.309,.796,0,4,86,101,33,22,
McKenna,Ryan,663630,2021,197,22,6,1,2,74,24,.266,.289,.556,0,2,12,33,16,5,
Hayes,Ke'Bryan,663647,2021,396,65,20,2,6,87,31,.373,.316,.689,0,1,39,115,21,9,
Tucker,Kyle,663656,2021,567,79,37,3,30,90,53,.557,.358,.915,2,1,95,109,41,23,
Cameron,Daz,663662,2021,115,11,5,0,4,38,10,.359,.278,.637,0,2,12,18,11,4,
India,Jonathan,663697,2021,631,86,34,2,21,141,71,.459,.376,.834,0,23,70,133,25,24,
Raleigh,Cal,663728,2021,148,11,12,0,2,52,7,.309,.223,.532,0,1,15,30,5,12,
Grisham,Trent,663757,2021,527,66,28,3,15,119,54,.413,.326,.740,0,6,63,116,27,28,
Vierling,Matt,663837,2021,77,17,3,1,2,20,4,.479,.364,.843,0,1,7,15,5,1,
Stephenson,Tyler,663886,2021,402,69,21,0,10,75,41,.431,.366,.797,0,6,39,106,21,10,
Williams,Luke,663897,2021,108,19,4,0,1,23,10,.316,.315,.631,0,0,10,32,3,6,
Rodgers,Brendan,663898,2021,415,71,21,3,15,84,19,.470,.328,.798,0,7,41,115,26,12,
Lowe,Nathaniel,663993,2021,642,102,24,3,18,162,80,.415,.357,.771,0,2,65,155,25,5,
Happ,Ian,664023,2021,535,59,20,1,25,156,62,.434,.321,.756,0,5,53,117,24,12,
France,Ty,664034,2021,650,115,32,1,18,106,46,.445,.368,.813,0,27,72,149,56,26,
Lowe,Brandon,664040,2021,615,62,31,0,39,167,68,.523,.340,.863,0,9,77,101,32,28,
Bader,Harrison,664056,2021,401,60,21,1,16,85,27,.460,.324,.785,0,5,54,84,20,28,
Stevenson,Andrew,664057,2021,213,33,6,0,5,61,13,.339,.291,.630,0,5,19,48,15,7,
Fletcher,David,664058,2021,665,132,27,3,2,60,31,.324,.295,.619,0,1,80,209,78,41,
Haggerty,Sam,664059,2021,94,11,3,0,2,28,6,.291,.245,.535,0,1,9,26,4,4,
Moore,Dylan,664238,2021,377,35,11,2,12,111,40,.334,.276,.610,0,4,52,59,20,30,
Garlick,Kyle,664247,2021,107,10,8,0,5,32,6,.465,.280,.745,0,1,13,21,3,7,
Straw,Myles,664702,2021,638,119,29,1,4,121,67,.348,.348,.695,0,2,91,127,63,13,
Isbel,Kyle,664728,2021,83,13,5,2,1,23,7,.434,.337,.772,0,0,10,10,4,7,
Bohm,Alec,664761,2021,417,72,15,0,7,111,31,.342,.305,.647,0,2,34,108,30,7,
WadeJr.,LaMonte,664774,2021,381,47,17,3,18,89,33,.482,.323,.805,0,5,53,66,27,22,
Tom,Ka'ai,664789,2021,133,10,2,1,2,36,17,.231,.278,.510,0,5,15,31,6,7,
Mazeika,Patrick,664850,2021,87,11,3,0,1,18,4,.266,.253,.519,0,3,9,22,7,8,
Zavala,Seby,664874,2021,104,9,3,0,5,41,6,.376,.231,.607,0,1,13,19,5,2,
Mendick,Danny,664901,2021,186,29,5,0,2,42,18,.287,.301,.588,0,2,23,38,14,13,
Brown,Seth,664913,2021,307,26,13,1,20,89,23,.480,.274,.754,0,1,40,53,16,25,
McCarthy,Jake,664983,2021,70,8,3,0,2,23,8,.373,.329,.701,0,2,7,16,1,0,
Walsh,Jared,665120,2021,585,83,34,1,29,152,48,.509,.340,.850,0,4,44,139,28,22,
Maton,Nick,665155,2021,131,20,7,1,2,39,10,.385,.321,.705,0,2,18,22,6,4,
Celestino,Gilberto,665482,2021,62,3,3,0,2,14,3,.288,.177,.466,0,0,6,21,5,5,
TatisJr.,Fernando,665487,2021,546,62,31,0,42,153,62,.611,.364,.975,0,2,50,88,31,25,
GuerreroJr.,Vladimir,665489,2021,698,110,29,1,48,110,86,.601,.401,1.002,0,6,85,161,37,24,
Pache,Cristian,665506,2021,68,3,3,0,1,25,2,.206,.147,.353,0,1,5,19,3,6,
Marchan,Rafael,665561,2021,56,9,1,1,1,10,4,.346,.286,.632,0,0,6,12,6,6,
Soto,Juan,665742,2021,654,106,20,2,29,93,145,.534,.465,.999,0,2,56,160,22,16,
Taveras,Leody,665750,2021,185,17,6,2,3,60,9,.270,.205,.476,0,1,16,51,12,8,
ChisholmJr.,Jazz,665862,2021,507,73,20,4,18,145,34,.425,.302,.726,0,4,56,113,26,13,
Gimenez,Andres,665926,2021,210,26,10,0,5,54,11,.351,.281,.632,0,7,28,54,8,7,
Kirilloff,Alex,666135,2021,231,34,11,1,8,52,14,.423,.299,.722,0,1,27,67,13,2,
Lux,Gavin,666158,2021,381,58,12,4,7,83,41,.364,.328,.692,0,3,46,91,20,16,
Rortvedt,Ben,666163,2021,98,11,1,0,3,29,6,.281,.224,.505,0,1,11,24,6,6,
Adell,Jo,666176,2021,140,21,5,2,4,32,8,.408,.293,.701,0,1,12,34,13,6,
Bichette,Bo,666182,2021,690,131,30,1,29,137,40,.484,.343,.828,0,6,77,176,41,22,
Carlson,Dylan,666185,2021,619,91,31,4,18,152,57,.437,.342,.780,0,11,86,119,31,16,
Kieboom,Carter,666198,2021,249,33,6,0,6,62,25,.318,.301,.619,0,5,26,59,19,8,
Trammell,Taylor,666211,2021,178,10,7,0,8,75,17,.359,.253,.612,0,3,8,30,6,14,
Castro,Rodolfo,666801,2021,93,10,2,0,5,27,6,.395,.258,.653,0,1,10,24,5,3,
Dalbec,Bobby,666915,2021,453,49,21,5,25,156,28,.494,.298,.792,0,7,53,73,20,15,
Garcia,Adolis,666969,2021,622,82,26,2,31,194,32,.454,.286,.741,0,5,87,117,21,25,
GurrielJr.,Lourdes,666971,2021,541,87,28,2,21,102,32,.466,.318,.784,0,2,73,139,34,19,
RookerJr.,Brent,667670,2021,213,19,10,0,9,70,15,.397,.291,.688,0,9,25,35,18,3,
Arozarena,Randy,668227,2021,604,90,32,3,20,170,56,.459,.356,.815,0,14,53,117,22,26,
Barrera,Tres,668663,2021,107,18,3,1,2,22,12,.385,.374,.758,0,4,6,26,6,7,
Rogers,Jake,668670,2021,127,13,5,3,6,46,11,.496,.299,.795,0,0,16,12,6,9,
Baddoo,Akil,668731,2021,461,67,20,7,13,122,45,.436,.330,.766,0,0,63,83,22,18,
Knizner,Andrew,668800,2021,185,20,7,0,1,39,20,.236,.281,.517,0,4,16,54,13,11,
Reynolds,Bryan,668804,2021,646,102,35,8,24,119,75,.522,.390,.912,0,8,86,130,38,20,
Rojas,Josh,668942,2021,550,82,32,3,11,137,58,.411,.338,.749,4,0,50,129,36,7,
Marsh,Brandon,669016,2021,260,43,12,3,2,91,20,.356,.315,.671,0,2,23,48,14,1,
Burnes,Corbin,669203,2021,59,8,0,0,0,26,3,.154,.186,.340,0,0,0,18,3,1,
Murphy,Sean,669221,2021,448,45,23,0,17,114,40,.405,.306,.710,0,12,56,94,23,23,
Senzel,Nick,669222,2021,124,23,4,0,1,16,12,.315,.323,.638,0,0,22,34,8,4,
Edman,Tommy,669242,2021,691,113,41,3,11,95,38,.387,.307,.694,0,6,110,194,55,25,
Solak,Nick,669256,2021,511,80,18,2,11,107,34,.362,.313,.676,0,15,52,145,27,20,
Smith,Will,669257,2021,501,61,19,2,25,101,58,.495,.365,.860,0,18,94,81,23,17,
Johnson,Daniel,669288,2021,81,13,0,0,4,27,4,.377,.259,.636,0,0,13,11,3,6,
Espinal,Santiago,669289,2021,246,53,13,1,2,30,22,.405,.374,.779,0,1,32,57,16,19,
Hiura,Keston,669374,2021,197,15,9,1,4,77,14,.301,.254,.554,0,7,20,30,9,10,
Hays,Austin,669720,2021,529,73,26,4,22,107,28,.461,.306,.767,0,9,74,123,35,27,
Lopez,Nicky,670032,2021,565,120,21,6,2,74,49,.378,.358,.736,0,4,63,180,31,13,
Raley,Luke,670042,2021,72,9,1,0,2,25,2,.288,.250,.538,0,4,8,17,3,1,
Short,Zack,670097,2021,184,12,4,0,6,59,22,.282,.239,.521,0,0,31,23,11,15,
Rojas,Jose,670351,2021,184,15,14,0,6,50,15,.399,.277,.676,0,1,26,32,13,12,
Young,Andrew,670370,2021,104,6,7,0,6,45,6,.484,.298,.782,0,6,7,16,3,1,
Alvarez,Yordan,670541,2021,598,80,35,1,33,145,50,.531,.346,.877,0,8,76,118,33,16,
Paredes,Isaac,670623,2021,85,10,3,1,1,11,10,.319,.306,.625,0,1,16,17,7,8,
Brosseau,Mike,670712,2021,169,14,9,0,5,53,15,.347,.266,.613,0,2,21,29,8,11,
Walls,Taylor,670764,2021,176,21,10,0,1,49,23,.296,.313,.609,0,0,21,40,7,4,
Garcia,Luis,671277,2021,247,31,18,2,6,43,11,.411,.275,.686,0,0,23,89,18,6,
Kelenic,Jarred,672284,2021,377,33,13,1,14,106,36,.350,.265,.615,0,3,54,88,14,14,
Kirk,Alejandro,672386,2021,189,24,8,0,8,22,19,.436,.328,.764,0,3,33,49,14,8,
Marcano,Tucupita,672779,2021,50,7,1,0,0,9,6,.205,.280,.485,0,0,5,20,2,0,
Robert,Luis,673357,2021,296,57,22,1,13,61,14,.567,.378,.946,0,5,34,54,19,13,
Akiyama,Shogo,673451,2021,183,25,8,0,0,40,14,.253,.279,.532,1,4,14,58,15,4,
Kim,Ha-Seong,673490,2021,298,32,12,2,8,71,22,.352,.268,.621,0,4,34,66,20,26,
Clement,Ernie,676391,2021,133,21,4,0,3,19,7,.339,.278,.617,0,2,24,36,11,6,
Barrero,Jose,676480,2021,56,5,4,1,0,17,3,.320,.286,.606,0,3,11,8,2,2,
Meyers,Jake,676694,2021,163,24,8,0,6,50,10,.438,.319,.757,0,4,15,35,8,2,
Trejo,Alan,676701,2021,50,7,2,0,1,15,3,.326,.260,.586,0,0,4,11,6,1,
McCormick,Chas,676801,2021,320,47,12,0,14,104,25,.447,.319,.766,0,4,48,46,11,7,
Franco,Wander,677551,2021,308,51,18,5,7,37,24,.463,.347,.810,0,2,40,83,22,17,
Duran,Jarren,680776,2021,112,16,3,2,2,40,4,.336,.241,.578,0,0,11,24,5,5,
Jeffers,Ryan,680777,2021,293,28,10,1,14,108,22,.401,.270,.670,0,4,26,55,13,12,
Miller,Owen,680911,2021,202,27,8,0,4,54,9,.309,.243,.551,0,1,14,61,19,5,
Vaughn,Andrew,683734,2021,469,61,22,0,15,101,41,.396,.309,.705,0,6,70,110,30,12,